<?xml version="1.0" encoding="UTF-8" ?>
<!DOCTYPE mapper
  PUBLIC "-//mybatis.org//DTD Mapper 3.0//EN"
  "http://mybatis.org/dtd/mybatis-3-mapper.dtd">

<mapper namespace="com.bit.daNaOutlet.model.MemberDao">
	<!--회원관리부분 -->
	<select id="selectAll" resultType="com.bit.daNaOutlet.model.entity.MemberVo">
		SELECT * FROM DANAMEMBER
	</select>
	<select id="selectOne" parameterType="int" resultType="com.bit.daNaOutlet.model.entity.MemberVo">
		SELECT * FROM DANAMEMBER WHERE MNUM=#{value}
	</select>
	<select id="mnumOne" resultType="int">
		SELECT MAX(MNUM+1) FROM DANAMEMBER
	</select>
	<select id="idDoubleChk" resultType="int" parameterType="String">
		SELECT COUNT(ID) FROM DANAMEMBER WHERE ID LIKE #{value}
	</select>
	<insert id="memberAdd" parameterType="com.bit.daNaOutlet.model.entity.MemberVo">
		INSERT INTO DANAMEMBER(MNUM,NAME,PHONE,MBIRTH,ID,MAIL,ADDR,ADDRN,PASSWORD,SEX) VALUES(#{mnum},#{name},#{phone},#{mbirth},#{id},#{mail},#{addr},#{addrn},#{password},#{sex})
	</insert>
	
	<!-- 일반로그인  -->
	<select id="loginChk" resultType="int" parameterType="com.bit.daNaOutlet.model.entity.LoginVo">	
		SELECT COUNT(*) FROM DANAMEMBER where id like #{loginId} and password like #{loginPw}
	</select>
	
	<!-- 카카오로그인 -->
	<select id="idKakoaLogCount" resultType="int">
		SELECT MAX(idKakaoLog+1) FROM KAKAOLOGIN
	</select>	
	<select id="loginKakao" parameterType="com.bit.daNaOutlet.model.entity.LoginVo">	
		INSERT INTO KAKAOLOGIN VALUES(#{idKakaoLog}, #{loginId}, #{nickName}, now())
	</select>
	
	
	<!-- 핫딜 부분 -->
 	<select id="hotDealNumOne" resultType="int">
 	SELECT MAX(hotDealNum+1) FROM HOTDEAL
 	</select>
 	<select id="hotDealCount" resultType="int">
 		SELECT COUNT(*) FROM HOTDEAL
 	</select>
 	<select id="hotDealAll" resultType="com.bit.daNaOutlet.model.entity.HotDealVo">
 		SELECT * FROM HOTDEAL
 	</select>
 	<insert id="hotDealAdd" parameterType="com.bit.daNaOutlet.model.entity.HotDealVo">
 		INSERT INTO HOTDEAL(PRICE,HOTDEALNUM,LINK,PRODUCTNAME,PRODUCTINTRO) VALUES(#{price},#{hotDealNum},#{link},#{productName},#{productIntro})
 	</insert>
 		
	<!--클립부분  -->
	<select id="clipList" resultType="com.bit.daNaOutlet.model.entity.ClipVo">
		SELECT * FROM DANACLIP 
	</select>
	
	<!-- DPG 부분 -->	
	<select id="dpgOne" resultType="com.bit.daNaOutlet.model.entity.DpgVo" parameterType="int">
		SELECT * FROM DANADPG WHERE DPGNUM=#{VALUE}
	</select>
	
	<select id="dpgBestList"  resultType="com.bit.daNaOutlet.model.entity.DpgVo">
		SELECT DPGNUM,DPGTITLE,DPGIMGLINK FROM (SELECT * FROM(SELECT * FROM DANADPG WHERE DPGCOUNT>=10 and DPGIMGLINK IS NOT NULL)AS A WHERE DPGFROM='다나와회원' or DPGFROM='카카오') AS A ORDER BY DPGNUM DESC LIMIT 2;
	</select>
	
	<select id="dpgBestNoneList"  resultType="com.bit.daNaOutlet.model.entity.DpgVo">
		SELECT DPGNUM,DPGTITLE,DPGWRITER FROM (SELECT * FROM(SELECT * FROM DANADPG WHERE DPGCOUNT>=10 and DPGIMGLINK IS NULL)AS A WHERE DPGFROM='다나와회원' or DPGFROM='카카오') AS A ORDER BY DPGNUM DESC LIMIT 7;
	</select>
	
	<select id="dpgImgLinkListDesc" parameterType="com.bit.daNaOutlet.model.entity.DpgVo" resultType="com.bit.daNaOutlet.model.entity.DpgVo">	
		SELECT DPGNUM,DPGTITLE,DPGIMGLINK  FROM(SELECT * FROM(SELECT * FROM DANADPG WHERE DPGIMGLINK IS NOT NULL)AS A WHERE DPGFROM='다나와회원' or DPGFROM='카카오') AS A ORDER BY DPGNUM DESC LIMIT 3;
	</select>
	<select id="dpgNoneLinkListDesc" parameterType="com.bit.daNaOutlet.model.entity.DpgVo" resultType="com.bit.daNaOutlet.model.entity.DpgVo">
		SELECT DPGNUM,DPGTITLE,DPGWRITER  FROM(SELECT * FROM (SELECT * FROM DANADPG WHERE DPGIMGLINK IS NULL) AS A WHERE DPGFROM='다나와회원' or DPGFROM='카카오') AS B ORDER BY DPGNUM DESC LIMIT 9;	
	</select>
	
	<select id="dpgImgLinkListAsc" parameterType="int" resultType="com.bit.daNaOutlet.model.entity.DpgVo">	
		SELECT DPGNUM,DPGTITLE,DPGIMGLINK,DPGWRITER,DPGNALJA,DPGCOUNT  FROM(SELECT * FROM(SELECT * FROM DANADPG WHERE DPGIMGLINK IS NOT NULL)AS A WHERE DPGFROM='다나와회원' or DPGFROM='카카오') AS A ORDER BY DPGNUM DESC LIMIT #{value},10;
	</select>
	<select id="dpgNoneLinkListAsc" parameterType="int" resultType="com.bit.daNaOutlet.model.entity.DpgVo">
		SELECT DPGNUM,DPGTITLE,DPGWRITER,DPGWRITER,DPGCOUNT  FROM(SELECT * FROM (SELECT * FROM DANADPG WHERE DPGIMGLINK IS NULL) AS A WHERE DPGFROM='다나와회원' or DPGFROM='카카오') AS B ORDER BY DPGNUM DESC LIMIT #{value},10;	
	</select>
	
	<select id="dpgAdminList" resultType="com.bit.daNaOutlet.model.entity.DpgVo">
		SELECT DPGNUM,DPGTITLE,DPGWRITER,DPGCONTENT,DPGIMGLINK  FROM(SELECT * FROM DANADPG WHERE DPGFROM='운영자') AS B ORDER BY DPGNUM DESC LIMIT 3;	
	</select>
	<select id="dpgNumOne" resultType="int">
		SELECT MAX(DPGNUM+1) FROM DANADPG
	</select>
	<select id="dpgImgCount" resultType="int">
		SELECT COUNT(DPGNUM) FROM DANADPG WHERE DPGIMGLINK IS NOT NULL
	</select>
	<select id="dpgNoneCount" resultType="int">
		SELECT COUNT(DPGNUM) FROM DANADPG WHERE DPGIMGLINK IS NULL
	</select>
	<insert id="dpgAdd" parameterType="com.bit.daNaOutlet.model.entity.DpgVo">
		INSERT INTO DANADPG(DPGNUM,DPGTITLE,DPGWRITER,DPGFROM,DPGSUBJECT,DPGCONTENT,DPGCOUNT,DPGIMGLINK) VALUES(#{dpgNum},#{dpgTitle},#{dpgWriter},#{dpgFrom},#{dpgSubject},#{dpgContent},#{dpgCount},#{dpgImgLink})
	</insert>
	<delete id="dpgDelete" parameterType="com.bit.daNaOutlet.model.entity.DpgVo" >
		DELETE FROM DANADPG WHERE DPGWRITER=#{dpgWriter} AND DPGFROM=#{dpgFrom}
	</delete>
	<update id="dpgUpdate" parameterType="com.bit.daNaOutlet.model.entity.DpgVo">
		UPDATE DANADPG SET DPGTITLE=#{dpgTitle}, DPGCONTENT=#{dpgContent}, DPGIMGLINK=#{dpgImgLink} where DPGWRITER=#{dpgWriter} AND DPGFROM=#{dpgFrom}
	</update>
	
	<!--댓글내용 호출 및 입력-->
	<select id="replyCall" resultType="com.bit.daNaOutlet.model.entity.ReplyVo" parameterType="int">
		SELECT * FROM REPLYASSEMBLE WHERE FATHERCONTENTSNUM=#{VALUE}
	</select>	
	<select id="replyNumOne" resultType="int">
      SELECT MAX(REPLYLOG+1) FROM REPLYASSEMBLE
    </select>
    <insert id="replyAdd" parameterType="com.bit.daNaOutlet.model.entity.ReplyVo">   
   	  INSERT INTO REPLYASSEMBLE VALUES(#{replyLog}, #{replyId}, #{replyContent}, #{replyDate},#{replyDepth},#{replyConId},#{fatherContentsNum},#{replyImgsLink})
    </insert>
</mapper>